Workbook

Sheet 商品マスタ
C2: 商品コード | D2: 商品名 | E2: 分類 | F2: 単価（円）
C3: P-001 | D3: プレミアムブレンドコーヒー (200g) | E3: 飲料 | F3: 1200
C4: P-002 | D4: ワイヤレスイヤホン Pro | E4: 家電 | F4: 18500
C5: P-003 | D5: 速乾スポーツタオル | E5: 日用品 | F5: 1500
C6: P-004 | D6: 天然水 (2L, 6本入) | E6: 飲料 | F6: 680
C7: P-005 | D7: A4コピー用紙 (500枚) | E7: 文房具 | F7: 550
C8: P-006 | D8: 4K液晶テレビ (50インチ) | E8: 家電 | F8: 78000
C9: P-007 | D9: ゲルインクボールペン (黒, 3本) | E9: 文房具 | F9: 450
C10: P-008 | D10: 敏感肌用化粧水 (150ml) | E10: 化粧品 | F10: 2300
C11: P-009 | D11: アルミ製ノートPCスタンド | E11: PC周辺機器 | F11: 3200
C12: P-010 | D12: 国産はちみつ (500g) | E12: 食品 | F12: 2800
C13: P-011 | D13: サイクロン式掃除機 | E13: 家電 | F13: 24000
C14: P-012 | D14: 抗菌マスク (30枚入) | E14: 日用品 | F14: 980
... C22: P-020 | D22: レトルトカレー (中辛, 5個) | E22: 食品 | F22: 1300

Sheet 売上
D3: 日付 | E3: 伝票No | F3: 商品コード | G3: 商品名 | H3: 分類 | I3: 数量 | J3: 単価(参照) | K3: 金額 | L3: 備考
D4: 45931 | E4: 1001 | F4: P-012 | G4: =IFERROR(VLOOKUP(F4,商品マスタ!$C$3:$F$22,2,FALSE),"") -> 抗菌マスク (30枚入) | H4: =IFERROR(VLOOKUP(F4,商品マスタ!$C$3:$F$22,3,FALSE),"") -> 日用品 | I4: 7 | J4: =IFERROR(VLOOKUP(F4, 商品マスタ!$C$3:$F$22, 4, FALSE), "") -> 980 | K4: =IFERROR(J4*I4,"") -> 6860
D5: 45932 | E5: 1002 | F5: P-010 | G5: =IFERROR(VLOOKUP(F5,商品マスタ!$C$3:$F$22,2,FALSE),"") -> 国産はちみつ (500g) | H5: =IFERROR(VLOOKUP(F5,商品マスタ!$C$3:$F$22,3,FALSE),"") -> 食品 | I5: 2 | J5: =IFERROR(VLOOKUP(F5, 商品マスタ!$C$3:$F$22, 4, FALSE), "") -> 2800 | K5: =IFERROR(J5*I5,"") -> 5600
D6: 45933 | E6: 1003 | F6: P-003 | G6: =IFERROR(VLOOKUP(F6,商品マスタ!$C$3:$F$22,2,FALSE),"") -> 速乾スポーツタオル | H6: =IFERROR(VLOOKUP(F6,商品マスタ!$C$3:$F$22,3,FALSE),"") -> 日用品 | I6: 5 | J6: =IFERROR(VLOOKUP(F6, 商品マスタ!$C$3:$F$22, 4, FALSE), "") -> 1500 | K6: =IFERROR(J6*I6,"") -> 7500
D7: 45934 | E7: 1004 | F7: P-019 | G7: =IFERROR(VLOOKUP(F7,商品マスタ!$C$3:$F$22,2,FALSE),"") -> 多機能ペン (黒赤青+シャープ) | H7: =IFERROR(VLOOKUP(F7,商品マスタ!$C$3:$F$22,3,FALSE),"") -> 文房具 | I7: 8 | J7: =IFERROR(VLOOKUP(F7, 商品マスタ!$C$3:$F$22, 4, FALSE), "") -> 1000 | K7: =IFERROR(J7*I7,"") -> 8000
D8: 45935 | E8: 1005 | F8: P-999 | G8: =IFERROR(VLOOKUP(F8,商品マスタ!$C$3:$F$22,2,FALSE),"") | H8: =IFERROR(VLOOKUP(F8,商品マスタ!$C$3:$F$22,3,FALSE),"") | I8: 4 | J8: =IFERROR(VLOOKUP(F8, 商品マスタ!$C$3:$F$22, 4, FALSE), "") | K8: =IFERROR(J8*I8,"") | L8: 未登録コードの例

Sheet 評価表
F5: 下限点 | H5: 上限点 | I5: 評価
F6: 0 | G6: ～ | H6: 59 | I6: D
F7: 60 | G7: ～ | H7: 69 | I7: C
F8: 70 | G8: ～ | H8: 79 | I8: B
F9: 80 | G9: ～ | H9: 89 | I9: A
F10: 90 | G10: ～ | H10: 100 | I10: S

Sheet 評価
B4: 学籍番号 | C4: 氏名 | D4: 国語 | E4: 数学 | F4: 英語 | G4: 平均 | H4: 評価
B5: S25001 | C5: 佐藤 健太 | D5: 78 | E5: 82 | F5: 71 | G5: =AVERAGE(D5:F5) -> 77 | H5: =VLOOKUP(G5,評価表!$F$6:$I$10,4,TRUE) -> B
B6: S25002 | C6: 鈴木 結衣 | D6: 85 | E6: 70 | F6: 80 | G6: =AVERAGE(D6:F6) -> 78.333333 | H6: =VLOOKUP(G6,評価表!$F$6:$I$10,4,TRUE) -> B
B7: S25003 | C7: 高橋 翔太 | D7: 69 | E7: 90 | F7: 85 | G7: =AVERAGE(D7:F7) -> 81.333333 | H7: =VLOOKUP(G7,評価表!$F$6:$I$10,4,TRUE) -> A
B8: S25004 | C8: 田中 美咲 | D8: 91 | E8: 79 | F8: 88 | G8: =AVERAGE(D8:F8) -> 86 | H8: =VLOOKUP(G8,評価表!$F$6:$I$10,4,TRUE) -> A
B9: S25005 | C9: 伊藤 蓮 | D9: 58 | E9: 64 | F9: 60 | G9: =AVERAGE(D9:F9) -> 60.666667 | H9: =VLOOKUP(G9,評価表!$F$6:$I$10,4,TRUE) -> C
B10: S25006 | C10: 渡辺 杏奈 | D10: 89 | E10: 96 | F10: 92 | G10: =AVERAGE(D10:F10) -> 92.333333 | H10: =VLOOKUP(G10,評価表!$F$6:$I$10,4,TRUE) -> S
B11: S25007 | C11: 山本 拓海 | D11: 74 | E11: 83 | F11: 76 | G11: =AVERAGE(D11:F11) -> 77.666667 | H11: =VLOOKUP(G11,評価表!$F$6:$I$10,4,TRUE) -> B
B12: S25008 | C12: 中村 陽菜 | D12: 66 | E12: 75 | F12: 70 | G12: =AVERAGE(D12:F12) -> 70.333333 | H12: =VLOOKUP(G12,評価表!$F$6:$I$10,4,TRUE) -> B
B13: S25009 | C13: 小林 颯真 | D13: 93 | E13: 88 | F13: 90 | G13: =AVERAGE(D13:F13) -> 90.333333 | H13: =VLOOKUP(G13,評価表!$F$6:$I$10,4,TRUE) -> S
B14: S25010 | C14: 加藤 愛梨 | D14: 81 | E14: 69 | F14: 78 | G14: =AVERAGE(D14:F14) -> 76 | H14: =VLOOKUP(G14,評価表!$F$6:$I$10,4,TRUE) -> B
B15: S25011 | C15: 吉田 美優 | D15: 72 | E15: 77 | F15: 65 | G15: =AVERAGE(D15:F15) -> 71.333333 | H15: =VLOOKUP(G15,評価表!$F$6:$I$10,4,TRUE) -> B
B16: S25012 | C16: 山田 蓮 | D16: 86 | E16: 91 | F16: 84 | G16: =AVERAGE(D16:F16) -> 87 | H16: =VLOOKUP(G16,評価表!$F$6:$I$10,4,TRUE) -> A
... B34: S25030 | C34: 藤井 結菜 | D34: 94 | E34: 87 | F34: 94 | G34: =AVERAGE(D34:F34) -> 91.666667 | H34: =VLOOKUP(G34,評価表!$F$6:$I$10,4,TRUE) -> S
